[  
   {  
      "airflow_connection":"mosaic_redshift_sqoop", 
      "hive_schema": "oracle_staging",  
      "_comment": "This is only for pulling redshift data into hive needed for transformation like gl mapping, DEI concord data",   
      "tables": [
         {  
            "table_name":"engineering.oracle_gl_mapping",
            "hive_table_name":"oracle_gl_mapping",
            "columns":"",
            "where":"",
            "split_by": "id",
            "transformations":"id=int"
         },
         {  
            "table_name":"engineering.oracle_static_map",
            "hive_table_name":"oracle_static_map",
            "columns":"",
            "where":"",
            "split_by": "id",
            "transformations":"id=int"
         },
         {  
            "table_name":"engineering.general_ledger_account",
            "hive_table_name":"general_ledger_account",
            "columns":"",
            "where":"",
            "split_by": "id",
            "transformations":"id=int"
         },
         {  
            "table_name":"engineering.temp_oracle_warehouse",
            "hive_table_name":"temp_oracle_warehouse",
            "columns":"",
            "where":"",
            "split_by": "id",
            "transformations":"id=int"
         },
         {  
            "table_name":"engineering.temp_oracle_ach_account",
            "hive_table_name":"temp_oracle_ach_account",
            "columns":"",
            "where":"",
            "split_by": "id",
            "transformations":"id=int"
         },
         {  
            "table_name":"srvc_test.temp_concord_txn",
            "hive_table_name":"concord_txn",
            "columns":"",
            "where":"",
            "split_by": "id",
            "transformations":"id=int"
         }
      ]
   }
]
