[  
   {  
      "airflow_connection":"mysql_sqoop", 
      "hive_schema": "oracle_staging",     
      "tables": [
         {  
            "table_name":"warehouse",
            "columns":"",
            "where":"",
            "split_by": "id",
            "transformations":"id=int"
         },
         {  
            "table_name":"loan_product",
            "columns":"",
            "where":"",
            "split_by": "id",
            "transformations":"id=int"
         },
         {  
            "table_name":"project",
            "columns":"",
            "where":"",
            "split_by": "id",
            "transformations":"id=int"
         },
         {  
            "table_name":"loan_transfer_order",
            "columns":"",
            "where":"",
            "split_by": "id",
            "transformations":"id=int"
         },
         {  
            "table_name":"loan_transfer_order_batch",
            "columns":"",
            "where":"",
            "split_by": "id",
            "transformations":"id=int"
         },
         {  
            "table_name":"ach_account",
            "columns":"",
            "where":"",
            "split_by": "id",
            "transformations":"id=int"
         },
         {  
            "table_name":"ach_transfer",
            "columns":"",
            "where":"",
            "split_by": "id",
            "transformations":"id=int"
         },
         {  
            "table_name":"ach_return",
            "columns":"",
            "where":"",
            "split_by": "id",
            "transformations":"id=int"
         },
         {  
            "table_name":"batch",
            "columns":"",
            "where":"",
            "split_by": "id",
            "transformations":"id=int"
         },
         {  
            "table_name":"installer_disbursement",
            "columns":"",
            "where":"",
            "split_by": "id",
            "transformations":"id=int"
         },
         {  
            "table_name":"installer_disbursement_history",
            "columns":"",
            "where":"",
            "split_by": "id",
            "transformations":"id=int"
         }
      ]
   }
]
