[  
   {  
      "airflow_connection":"mosaic_redshift_sqoop", 
      "hive_schema": "oracle_staging",     
      "tables": [
         {  
            "table_name":"engineering.warehouse",
            "hive_table_name":"warehouse",
            "table_name":"engineering.warehouse",
            "query":"CREATE TABLE ",
            "columns":"(id numeric, name varchar, group_name varchar, min_advance numeric, is_default BOOLEAN, calendar_string varchar, approved_states varchar, transfer_day_string varchar, commercial_bank_account_id numeric, code varchar, transaction_parent_id numeric, document_vault_id numeric, closing_date varchar, borrower_payment_destination numeric, mosaic_admin varchar, facility_type_id numeric, gl_account varchar, allocation_percentage numeric, is_manual_batching_enabled BOOLEAN, manual_batching_info varchar, end_date varchar)",
            "where":"",
            "split_by": "id",
            "transformations":"id=numeric"
         },
         {  
            "table_name":"engineering.project",
            "hive_table_name":"project",
            "query":"CREATE TABLE ",
            "columns":"(id numeric, date_created varchar, opportunity_id numeric, status_id numeric, project_type numeric, total_cost numeric, est_install_date varchar, install_confirmed_date varchar, notes varchar, disbursement_sequence numeric, loan_amount numeric, install_confirmed_document_id numeric)",
            "where":"",
            "split_by": "id",
            "transformations":"id=numeric"
         },
         {  
            "table_name":"engineering.loan_product",
            "hive_table_name":"loan_product",
            "query":"CREATE TABLE ",
            "columns":"(id numeric, product_type_id numeric, product_name varchar, itc_percent numeric, itc_month_term numeric, loan_month_term numeric, origination_fee numeric, status_id numeric, check_fee numeric, display_name varchar, approved_states varchar, minimum_amount numeric, itc2_percent numeric, itc2_month_term numeric, institutional_discount numeric, flexible_reamortization BOOLEAN, document_set_id numeric, reamortization_type numeric, credit_ruleset numeric, loan_payment_start_type numeric, options numeric, incentive_type_id numeric, discount_percent numeric, security_type numeric, chart_of_accounts_code varchar, product_category_id varchar, product_category_name varchar)",
            "where":"",
            "split_by": "id",
            "transformations":"id=numeric"
         },
         {  
            "table_name":"engineering.oracle_je_data",
            "hive_table_name":"oracle_je_data",
            "query":"CREATE TABLE ",
            "columns":"(id numeric, source varchar, je_type varchar, batch_id varchar, loan_id varchar, gl_debit numeric(9,2), gl_credit numeric(9,2), gl_date varchar, effective_date varchar, facility_type_id varchar, facility_code varchar, gl_description varchar, coa_seg_1 varchar, coa_seg_2 varchar, coa_seg_4 varchar, coa_seg_5 varchar, transcode varchar, lender_bank_account varchar, deposit_bank_account varchar, bank_account_last_four varchar, batch_name varchar)",
            "where":"",
            "split_by": "id",
            "transformations":"id=numeric"
         },
         {  
            "table_name":"engineering.oracle_je_csv",
            "hive_table_name":"oracle_je_csv",
            "query":"CREATE TABLE ",
            "columns":"(status_code varchar, ledger_id varchar, effective_date varchar, journal_source varchar, journal_category varchar, currency varchar, creation_date varchar, actual_flag varchar, coa_seg_1 varchar, coa_seg_2 varchar, coa_seg_3 varchar, coa_seg_4 varchar, coa_seg_5 varchar, coa_seg_6 varchar, coa_seg_7 varchar, coa_seg_8 varchar, coa_seg_9 varchar, coa_seg_10 varchar, coa_seg_11 varchar, coa_seg_12 varchar, coa_seg_13 varchar, coa_seg_14 varchar, coa_seg_15 varchar, coa_seg_16 varchar, coa_seg_17 varchar, coa_seg_18 varchar, coa_seg_19 varchar, coa_seg_20 varchar, coa_seg_21 varchar, coa_seg_22 varchar, coa_seg_23 varchar, coa_seg_24 varchar, coa_seg_25 varchar, coa_seg_26 varchar, coa_seg_27 varchar, coa_seg_28 varchar, coa_seg_29 varchar, coa_seg_30 varchar, debit numeric(9,2), credit numeric(9,2), convert_d_amt varchar, convert_c_amt varchar, ref1 varchar, ref2 varchar, ref3 varchar, ref4 varchar, ref5 varchar, ref6 varchar, ref7 varchar, ref8 varchar, ref9 varchar, ref10 varchar, ref_col1 varchar, ref_col2 varchar, ref_col3 varchar, ref_col4 varchar, ref_col5 varchar, ref_col6 varchar, ref_col7 varchar, ref_col8 varchar, ref_col9 varchar, ref_col10 varchar, stat_amt varchar, currency_conv_type varchar, currency_conv_date varchar, currency_conv_rate varchar, context_field_jel varchar, context_field_ci varchar, attrib1 varchar, attrib2 varchar, attrib3 varchar, attrib4 varchar, attrib5 varchar, attrib6 varchar, attrib7 varchar, attrib8 varchar, attrib9 varchar, attrib10 varchar, attrib11 varchar, attrib12 varchar, attrib13 varchar, attrib14 varchar, attrib15 varchar, attrib16 varchar, attrib17 varchar, attrib18 varchar, attrib19 varchar, attrib20 varchar, avg_journal_flg varchar, clearing_company varchar, buffer_col1 varchar, buffer_col2 varchar, buffer_col3 varchar, buffer_col4 varchar, end_indicator varchar)",
            "where":"",
            "split_by": "ref4",
            "transformations":"id=varchar"
         }
      ]
   }
]